block,gas_used,gas_limit,pct_full,tx_count,timestamp
23807742,4909191,44999957,10.91,78,1763247827
23807743,32613760,45043901,72.4,184,1763247839
23807748,8065952,44999914,17.92,109,1763247899
23807752,42698165,45000000,94.88,243,1763247947
23807756,38916340,45087888,86.31,208,1763247995
23807760,44984342,45175948,99.58,197,1763248043
23807762,15606284,45087759,34.61,143,1763248067
23807765,14413769,45043687,32.0,112,1763248103
23807768,38993634,45087630,86.48,161,1763248139
23807784,17881056,44956013,39.77,138,1763248331
23807787,9781376,45087845,21.69,129,1763248367
23807792,3210163,45000000,7.13,63,1763248427
23807797,38113812,44999957,84.7,196,1763248487
23807803,38039435,45087931,84.37,163,1763248559
23807805,19307106,45087888,42.82,167,1763248583
23807815,14319451,44999699,31.82,160,1763248703
23807818,18792039,45043599,41.72,136,1763248739
23807822,26487484,45043513,58.8,185,1763248787
23807833,11470735,44999957,25.49,130,1763248919
23807839,39620427,44999828,88.05,184,1763248991
23807842,15564242,45043729,34.55,179,1763249027
23807851,26839210,45000000,59.64,202,1763249135
23807853,11354441,44999957,25.23,110,1763249159
23807854,29306948,45043901,65.06,141,1763249171
23807859,15706498,45087931,34.84,158,1763249231
23807860,41646230,45131961,92.28,169,1763249243
23807864,12031554,45131875,26.66,164,1763249291
23807868,24425593,45043944,54.23,177,1763249339
23807880,44979930,45000000,99.96,112,1763249483
23807897,13386888,45000000,29.75,129,1763249687
23807898,45032656,45043944,99.97,151,1763249699
23807899,4489809,45087931,9.96,59,1763249711
23807905,11143874,44956056,24.79,145,1763249783
23807908,34800788,45043944,77.26,180,1763249819
23807911,35679814,44999914,79.29,213,1763249855
23807913,18281851,45043944,40.59,183,1763249879
23807918,9004482,45000000,20.01,130,1763249939
23807932,38713456,45000000,86.03,139,1763250107
23807939,6932995,45087888,15.38,97,1763250191
23807942,1371794,45000000,3.05,27,1763250227
23807943,44997260,45000000,99.99,449,1763250239
23807944,32524261,45043944,72.21,138,1763250251
23807949,36916558,44999957,82.04,205,1763250311
23807950,18636891,44956013,41.46,152,1763250323
23807956,33317014,45087931,73.89,168,1763250395
23807959,13765908,45131918,30.5,156,1763250431
23807961,18978634,45043815,42.13,158,1763250455
23807965,11204672,45000000,24.9,121,1763250503
23807974,19206888,44999871,42.68,185,1763250611
23807975,9750843,45043815,21.65,98,1763250623
23807976,35213204,45000000,78.25,210,1763250635
23807983,26135338,45087845,57.97,131,1763250719
23807993,2561187,45175774,5.67,40,1763250839
23807994,45217585,45219889,99.99,175,1763250851
23807996,5992722,45219846,13.25,100,1763250875
23807999,22227933,45087500,49.3,203,1763250911
23808001,29217118,45087457,64.8,244,1763250935
23808006,21122513,45043342,46.89,185,1763250995
23808007,35392097,44999356,78.65,130,1763251007
23808012,6431074,45043213,14.28,103,1763251067
23808033,12338250,44956013,27.45,171,1763251319
23808034,31749299,44912112,70.69,150,1763251331
23808039,25622297,44955884,56.99,202,1763251391
23808042,10021504,44999742,22.27,171,1763251427
23808043,35060751,45043686,77.84,197,1763251439
23808052,24910642,44999914,55.36,295,1763251547
23808056,17351668,45000000,38.56,225,1763251595
23808061,45011385,45043858,99.93,174,1763251655
23808064,17543466,45000000,38.99,148,1763251691
23808065,14344086,45000000,31.88,160,1763251703
23808068,24400757,44956013,54.28,125,1763251739
23808075,44878171,45000000,99.73,318,1763251823
23808081,2542779,44956056,5.66,47,1763251895
23808094,15683589,45043858,34.82,129,1763252051
23808096,14542625,45043944,32.29,150,1763252075
23808100,21104202,44955970,46.94,170,1763252123
23808102,40943912,45000000,90.99,106,1763252147
23808110,16680279,45000000,37.07,190,1763252243
23808111,34367666,45000000,76.37,142,1763252255
23808114,31181497,45000000,69.29,171,1763252291
23808115,22160224,45043944,49.2,197,1763252303
23808117,16108588,45131961,35.69,150,1763252327
23808124,22880177,45175905,50.65,229,1763252411
23808140,44399338,45087416,98.47,217,1763252603
23808149,16412605,45043944,36.44,147,1763252711
23808150,44984107,45000000,99.96,158,1763252723
23808153,22192342,45043901,49.27,190,1763252759
23808155,14550700,45043858,32.3,138,1763252783
23808159,32086609,45000000,71.3,236,1763252831
23808161,13882453,45087931,30.79,154,1763252855
23808165,18219045,45043944,40.45,199,1763252903
23808168,11195934,45000000,24.88,147,1763252939
23808178,13632851,45043944,30.27,160,1763253059
23808182,36289269,44956056,80.72,215,1763253107
23808183,20950628,44999957,46.56,196,1763253119
23808185,24305466,45000000,54.01,273,1763253143
23808197,22395435,44956013,49.82,203,1763253287
23808198,17953005,44999914,39.9,175,1763253299
23808204,7304286,45043858,16.22,114,1763253371
23808207,45067123,45087931,99.95,213,1763253419
23808213,45133902,45175948,99.91,331,1763253491
23808218,22807909,45308382,50.34,195,1763253551
23808219,4937244,45352627,10.89,112,1763253563
23808221,17531597,45441246,38.58,169,1763253587
23808227,2411057,45529953,5.3,48,1763253659
23808232,15878359,45396656,34.98,175,1763253719
23808235,35292993,45263792,77.97,162,1763253755
23808237,20511588,45263748,45.32,192,1763253779
23808238,25333216,45219547,56.02,291,1763253791
23808249,35904623,45175174,79.48,146,1763253923
23808256,10889609,45000000,24.2,136,1763254007
23808259,8598523,45000000,19.11,125,1763254043
23808263,39490591,44912155,87.93,205,1763254091
23808265,14838667,44999914,32.97,194,1763254115
23808274,9212633,45087888,20.43,62,1763254223
23808277,14526948,45131875,32.19,163,1763254259
23808281,10869129,45043729,24.13,131,1763254307
23808288,44954063,44956056,100.0,91,1763254391
23808291,14081375,45000000,31.29,150,1763254427
23808295,2783618,45087888,6.17,63,1763254475
23808299,13746676,45264266,30.37,125,1763254523
23808300,45209581,45220064,99.98,116,1763254535
23808301,26552878,45175905,58.78,288,1763254547
23808302,12999529,45220021,28.75,129,1763254559
23808303,40753956,45175862,90.21,184,1763254571
23808305,45078747,45087674,99.98,197,1763254595
23808307,17053399,45087631,37.82,134,1763254619
23808308,35852112,45043602,79.59,196,1763254631
23808310,43562231,45131617,96.52,258,1763254655
23808312,36862105,45131574,81.68,175,1763254679
23808319,12546143,45263833,27.72,137,1763254763
23808320,44705565,45308034,98.67,214,1763254775
23808322,32993380,45219588,72.96,129,1763254799
23808323,33095694,45175430,73.26,351,1763254811
23808333,28827188,45087071,63.94,477,1763254931
23808335,17790702,45000000,39.53,179,1763254955
23808339,16101839,45000000,35.78,142,1763255003
23808341,6098876,44999957,13.55,96,1763255027
23808344,19583990,44955970,43.56,124,1763255063
23808345,3853451,44999871,8.56,90,1763255075
23808351,14654466,44956056,32.6,166,1763255147
23808353,44972724,45000000,99.94,158,1763255171
23808355,14215428,45000000,31.59,188,1763255195
23808356,39516543,45000000,87.81,182,1763255207
23808361,14894715,45043858,33.07,150,1763255267
23808373,29231203,45043944,64.89,162,1763255411
23808384,11945567,44912026,26.6,97,1763255543
23808385,4624213,44955884,10.29,102,1763255555
23808392,13166005,45000000,29.26,203,1763255639
23808395,41984558,45000000,93.3,166,1763255675
23808396,8043133,45043944,17.86,106,1763255687
23808397,29665180,45000000,65.92,236,1763255699
23808399,2585416,44999957,5.75,51,1763255723
23808400,44992304,45000000,99.98,248,1763255735
23808404,9420601,45000000,20.93,118,1763255783
23808409,37604657,45087931,83.4,158,1763255843
23808410,11530745,45131961,25.55,136,1763255855
23808426,18707213,45087931,41.49,186,1763256047
23808433,27480006,45000000,61.07,221,1763256143
23808436,17416881,45000000,38.7,165,1763256179
23808438,39148818,45000000,87.0,237,1763256203
23808440,43225777,45000000,96.06,187,1763256227
23808448,25806035,45000000,57.35,160,1763256323
23808451,14550237,44999957,32.33,153,1763256359
23808460,18458776,44999828,41.02,141,1763256467
23808477,23240065,45000000,51.64,287,1763256671
23808478,25627675,44956056,57.01,147,1763256683
23808479,13389572,44999957,29.75,132,1763256695
23808483,26739056,44956056,59.48,221,1763256743
23808486,13534444,44999914,30.08,83,1763256779
23808487,24462999,45043858,54.31,170,1763256791
23808489,18689261,45000000,41.53,213,1763256815
23808495,11249910,44999871,25.0,143,1763256887
23808498,6635145,45000000,14.74,84,1763256923
23808501,43249444,45000000,96.11,193,1763256959
23808502,11620860,45000000,25.82,138,1763256971
23808503,14018872,44956056,31.18,131,1763256983
23808504,37761297,44999957,83.91,198,1763256995
23808506,3607314,45087888,8.0,43,1763257019
23808511,16353648,45000000,36.34,163,1763257079
23808517,9220456,45043901,20.47,112,1763257151
23808530,21537627,45087802,47.77,202,1763257307
23808531,17714863,45043772,39.33,183,1763257319
23808533,17092663,45043729,37.95,154,1763257343
23808534,14402730,44999742,32.01,136,1763257355
23808535,29968724,45043686,66.53,100,1763257367
23808541,44963867,44999957,99.92,232,1763257439
23808545,13166682,44999871,29.26,136,1763257487
23808550,17300621,45000000,38.45,176,1763257547
23808551,32716380,45043944,72.63,128,1763257559
23808552,13765432,45087931,30.53,62,1763257571
23808555,44647328,45131918,98.93,430,1763257607
23808558,15972269,45000000,35.49,192,1763257643
23808561,18317827,45000000,40.71,217,1763257679
23808562,20326416,45000000,45.17,175,1763257691
23808566,9271994,44999914,20.6,146,1763257739
23808573,11728256,45043858,26.04,131,1763257823
23808576,3896073,45087802,8.64,74,1763257859
23808578,17909893,45087759,39.72,175,1763257883
23808579,19113720,45043729,42.43,59,1763257895
23808581,30746357,45000000,68.33,197,1763257919
23808587,19716663,44956013,43.86,175,1763257991
23808595,23913881,45000000,53.14,179,1763258087
23808603,44987508,45000000,99.97,109,1763258183
23808610,45030398,45043815,99.97,106,1763258267
23808612,23953983,45000000,53.23,221,1763258291
23808615,4465435,45000000,9.92,80,1763258327
23808623,15510516,45043944,34.43,214,1763258423
23808624,4943061,44999957,10.98,92,1763258435
23808626,29273618,44956056,65.12,265,1763258459
23808627,6421761,44999957,14.27,125,1763258471
23808632,32716174,45000000,72.7,189,1763258531
23808634,9864835,44999957,21.92,140,1763258555
23808637,9712654,45000000,21.58,131,1763258591
23808639,33279893,44956056,74.03,117,1763258627
23808651,13732126,45000000,30.52,155,1763258771
23808652,24753802,45043944,54.95,144,1763258783
23808655,13460072,45043944,29.88,158,1763258819
23808668,19702556,45043901,43.74,110,1763258975
23808670,27674361,45043858,61.44,270,1763258999
23808673,27480501,45000000,61.07,287,1763259035
23808676,30892654,45043901,68.58,241,1763259071
23808677,19272096,45087888,42.74,129,1763259083
23808679,16978139,45087845,37.66,137,1763259107
23808682,23016100,45131832,51.0,181,1763259143
23808683,21582066,45175905,47.77,231,1763259155
23808684,12619744,45131789,27.96,126,1763259167
23808686,16967897,45131745,37.6,176,1763259191
23808688,43408783,45131702,96.18,96,1763259215
23808690,10770514,45131659,23.86,108,1763259239
23808694,10441969,45043515,23.18,112,1763259287
23808701,19329745,45000000,42.95,165,1763259371
23808709,16840844,45000000,37.42,156,1763259467
23808718,27188273,45000000,60.42,86,1763259575
23808721,40904252,44999957,90.9,237,1763259611
23808727,44859431,44868254,99.98,158,1763259683
23808730,16083503,44912026,35.81,139,1763259719
23808733,18869525,45043729,41.89,139,1763259755
23808739,18336732,44956056,40.79,133,1763259827
23808751,3859882,45043858,8.57,61,1763259971
23808757,16533187,45043729,36.7,166,1763260043
23808759,22879110,45043687,50.79,224,1763260067
23808761,44384686,45043944,98.54,242,1763260091
23808769,17192961,45043901,38.17,143,1763260187
23808770,23101433,44999914,51.34,136,1763260199
23808772,14518767,45000000,32.26,164,1763260223
23808773,18629475,45000000,41.4,226,1763260235
23808775,44985079,44999957,99.97,191,1763260259
23808777,20842584,45000000,46.32,203,1763260283
23808781,21953127,45087931,48.69,228,1763260331
23808783,16015735,45087888,35.52,171,1763260355
23808784,37063100,45043858,82.28,155,1763260367
23808790,17623120,44956013,39.2,139,1763260439
23808803,19687082,45264092,43.49,151,1763260595
23808804,16133761,45308294,35.61,169,1763260607
23808810,24989217,45131530,55.37,181,1763260679
23808811,17987054,45087458,39.89,203,1763260691
23808812,16274601,45043429,36.13,154,1763260703
23808815,4002581,45087372,8.88,72,1763260739
23808818,14683907,45043300,32.6,147,1763260775
23808821,32489441,45087243,72.06,87,1763260811
23808822,20614031,45131272,45.68,307,1763260823
23808824,21869364,45043171,48.55,193,1763260847
23808831,38200529,44999914,84.89,307,1763260931
23808839,37212324,44912155,82.86,126,1763261027
23808850,7423758,45000000,16.5,99,1763261159
23808857,39116274,44999957,86.93,257,1763261243
23808859,7643001,45043944,16.97,121,1763261267
23808872,8831490,45000000,19.63,198,1763261423
23808882,21873129,45087845,48.51,186,1763261555
23808884,37672657,45087802,83.55,205,1763261579
23808887,17581481,45131789,38.96,163,1763261615
23808892,20733558,45175774,45.9,155,1763261675
23808904,33017121,45175516,73.09,211,1763261819
23808909,18711019,45131315,41.46,159,1763261879
23808911,5091051,45131272,11.28,82,1763261903
23808919,26755180,44999914,59.46,190,1763261999
23808923,25338482,45000000,56.31,368,1763262047
23808924,39008651,44956056,86.77,200,1763262059
23808931,10094519,45087931,22.39,92,1763262155
23808946,31273397,45043901,69.43,139,1763262335
23808947,16604012,45087888,36.83,145,1763262347
23808952,14016491,45000000,31.15,128,1763262407
23808954,6461797,44999957,14.36,91,1763262431
23808956,35207494,45087888,78.09,134,1763262455
23808959,40578868,45131875,89.91,169,1763262491
23808960,11277863,45175948,24.96,129,1763262503
23808961,11187010,45131832,24.79,111,1763262515
23808974,11739326,45176034,25.99,152,1763262671
23808981,20273064,45131789,44.92,201,1763262755
23808985,12073138,45131702,26.75,67,1763262803
23808987,17928891,45131659,39.73,117,1763262827
23808989,42154675,45043558,93.59,229,1763262851
23808990,10998074,45087544,24.39,124,1763262863
23808991,35733840,45043515,79.33,143,1763262875
23808992,3634471,45087501,8.06,69,1763262887
23809000,43592059,44999871,96.87,191,1763262983
23809003,38288823,45000000,85.09,154,1763263019
23809004,15567320,44956056,34.63,145,1763263031
23809005,14869081,44999957,33.04,163,1763263043
23809007,20045694,45000000,44.55,152,1763263067
23809012,39474575,45043901,87.64,367,1763263127
23809021,39891257,45087888,88.47,144,1763263235
23809025,20727620,45264266,45.79,105,1763263283
23809028,18830013,45308425,41.56,169,1763263319
23809031,21167542,45175819,46.86,246,1763263355
23809033,45064351,45087631,99.95,206,1763263379
23809034,10378467,45043602,23.04,80,1763263391
23809036,8384954,45000000,18.63,77,1763263415
23809042,8813102,45000000,19.58,143,1763263487
23809043,25429125,44956056,56.56,323,1763263499
23809046,7353068,44956056,16.36,73,1763263535
23809049,23753988,45043944,52.74,207,1763263571
23809056,36886824,44956013,82.05,174,1763263655
23809062,44461801,45043944,98.71,174,1763263727
23809070,14154071,45043901,31.42,183,1763263823
23809071,14799310,45000000,32.89,174,1763263835
23809077,40266957,45000000,89.48,230,1763263907
23809080,15408085,44999957,34.24,158,1763263943
23809086,40153059,45043901,89.14,230,1763264015
23809087,39422733,45087888,87.44,168,1763264027
23809091,14767386,45175948,32.69,143,1763264075
23809098,30231579,44956013,67.25,147,1763264159
23809101,4693859,45043944,10.42,87,1763264195
23809113,27458397,45043858,60.96,127,1763264339
23809129,20665331,45087845,45.83,175,1763264531
23809131,32229987,45087802,71.48,168,1763264555
23809140,31154348,45000000,69.23,145,1763264663
23809162,32900587,44912112,73.26,165,1763264927
23809164,31409407,44999871,69.8,165,1763264951
23809166,35963235,44956056,80.0,190,1763264975
23809168,33564696,44956013,74.66,193,1763264999
23809173,20807619,45043944,46.19,79,1763265071
23809174,44799992,45087931,99.36,206,1763265083
23809177,40023618,45043858,88.85,201,1763265119
23809179,13265099,45043944,29.45,140,1763265143
23809181,18487520,45000000,41.08,200,1763265167
23809189,17738453,45043815,39.38,149,1763265263
23809201,4145980,45043944,9.2,79,1763265407
23809202,35688661,45087931,79.15,139,1763265419
23809208,12980498,45087802,28.79,145,1763265491
23809214,1864699,45043901,4.14,35,1763265563
23809225,5017351,45087845,11.13,59,1763265695
23809227,44972350,44999828,99.94,480,1763265719
23809228,25497249,45043772,56.61,210,1763265731
23809242,19677886,45043815,43.69,170,1763265899
23809249,13666099,45087931,30.31,147,1763265983
23809255,15419046,45087802,34.2,155,1763266055
23809261,19306984,45087888,42.82,210,1763266127
23809275,23310998,45000000,51.8,207,1763266295
23809284,36274532,44999957,80.61,270,1763266415
23809293,10601773,45131961,23.49,126,1763266523
23809294,35989199,45087888,79.82,165,1763266535
23809297,42534216,45131875,94.24,198,1763266571
23809298,14180854,45175948,31.39,120,1763266583
23809300,40434770,45087759,89.68,129,1763266619
23809304,16406979,44999701,36.46,141,1763266667
23809308,14242712,45000000,31.65,158,1763266715
23809310,10655259,45087931,23.63,130,1763266739
23809314,8745402,45087845,19.4,92,1763266787
23809316,11483297,45087802,25.47,112,1763266811
23809321,18999964,45219978,42.02,178,1763266871
23809329,13759631,45308210,30.37,129,1763266967
23809331,45209634,45219763,99.98,381,1763266991
23809353,38734212,45043901,85.99,204,1763267255
23809359,27201977,45131832,60.27,242,1763267327
23809363,13472766,45000000,29.94,139,1763267375
23809368,30702499,44868254,68.43,156,1763267435
23809370,20199210,44955927,44.93,132,1763267459
23809372,37744596,45043772,83.8,204,1763267483
23809373,37823770,45000000,84.05,131,1763267495
23809383,26913192,44999957,59.81,208,1763267615
23809386,15017657,45131918,33.28,150,1763267651
23809406,11181723,45000000,24.85,119,1763267891
23809412,13869197,45043858,30.79,139,1763267963
23809420,17134278,45000000,38.08,197,1763268059
23809433,10132461,45000000,22.52,108,1763268215
23809436,22484160,45000000,49.96,111,1763268251
23809441,18840275,45000000,41.87,127,1763268311
23809455,11106633,45087673,24.63,105,1763268491
23809459,10181964,45000000,22.63,118,1763268539
23809460,37726054,45043944,83.75,170,1763268551
23809464,44042186,44912155,98.06,160,1763268599
23809467,42829873,45043858,95.08,156,1763268635
23809472,10238139,45087759,22.71,115,1763268695
23809474,16522925,44999742,36.72,123,1763268719
23809476,5660625,45000000,12.58,65,1763268743
23809480,15200178,45087931,33.71,182,1763268791
23809485,24041094,45000000,53.42,243,1763268851
23809489,5985316,45087931,13.27,74,1763268899
23809490,42499824,45131961,94.17,213,1763268911
23809491,6496574,45087888,14.41,71,1763268923
23809494,3998880,45043815,8.88,143,1763268959
23809500,10738370,44956013,23.89,132,1763269031
23809502,12464958,44955970,27.73,148,1763269055
23809508,45015599,45043901,99.94,160,1763269127
23809511,18399307,45000000,40.89,185,1763269163
23809518,44940678,44955927,99.97,187,1763269247
23809522,33868833,44999957,75.26,90,1763269295
23809524,20081570,44999914,44.63,188,1763269319
23809530,15753591,44999914,35.01,154,1763269391
23809531,13094778,45043858,29.07,141,1763269403
23809533,13748219,45000000,30.55,136,1763269427
23809535,14215105,45000000,31.59,129,1763269451
23809536,1426945,45043944,3.17,36,1763269463
23809538,13094819,45043944,29.07,130,1763269487
23809543,12819090,45000000,28.49,117,1763269547
23809544,36083912,45043944,80.11,202,1763269559
23809545,18907334,45000000,42.02,154,1763269571
23809552,22045687,45000000,48.99,207,1763269655
23809553,9722172,45000000,21.6,116,1763269667
23809554,38951385,45043944,86.47,187,1763269679
23809561,12574988,44999828,27.94,99,1763269763
23809565,44932343,45000000,99.85,607,1763269811
23809567,44227055,45000000,98.28,201,1763269835
23809575,5708147,44956056,12.7,116,1763269931
23809579,17195738,45043858,38.18,232,1763269979
23809580,16244332,45087845,36.03,142,1763269991
23809587,2131244,45043686,4.73,42,1763270075
23809602,44975112,45087888,99.75,107,1763270255
23809603,21177139,45043858,47.01,155,1763270267
23809605,40953475,45000000,91.01,276,1763270291
23809610,18789634,45000000,41.75,222,1763270351
23809614,11999628,45043944,26.64,119,1763270399
23809615,19770423,45000000,43.93,185,1763270411
23809624,45077464,45087845,99.98,120,1763270519
23809627,37071756,45043772,82.3,135,1763270555
23809633,16677018,45131961,36.95,151,1763270627
23809635,21171777,45043858,47.0,214,1763270651
23809641,43393002,44956056,96.52,164,1763270723
23809644,3309595,44912112,7.37,58,1763270759
23809646,44989464,44999871,99.98,204,1763270783
23809647,11490143,45043815,25.51,153,1763270795
23809651,13682115,45131789,30.32,122,1763270843
23809652,36861209,45175862,81.59,124,1763270855
23809654,4030771,45087674,8.94,116,1763270879
23809659,14308706,44999957,31.8,135,1763270939
23809662,3910326,45043944,8.68,59,1763270975
23809663,45072393,45087931,99.97,227,1763270987
23809665,31625218,45087888,70.14,164,1763271011
23809673,13532405,45087716,30.01,137,1763271107
23809675,15465224,45087673,34.3,142,1763271131
23809678,16456763,45043944,36.53,261,1763271167
23809682,43009611,45000000,95.58,265,1763271215
23809688,12430220,45000000,27.62,132,1763271287
23809693,14443261,45000000,32.1,138,1763271347
23809694,16080618,45043944,35.7,152,1763271359
23809695,21464600,44999957,47.7,78,1763271371
23809698,38791948,45000000,86.2,60,1763271407
23809699,15745038,45000000,34.99,182,1763271419
23809700,17014793,45043944,37.77,155,1763271431
23809703,37343027,45087888,82.82,171,1763271467
23809707,13116733,45175948,29.03,141,1763271515
23809711,8238253,45000000,18.31,82,1763271563
23809712,22591230,44956056,50.25,224,1763271575
23809716,8102343,45000000,18.01,101,1763271623
23809728,33559867,45000000,74.58,157,1763271767
23809729,13543576,45043944,30.07,186,1763271779
23809732,11313703,45087931,25.09,113,1763271815
23809734,32401692,45000000,72.0,94,1763271839
23809735,13162070,44956056,29.28,190,1763271851
23809736,15069470,44912155,33.55,193,1763271863
23809737,8868003,44956013,19.73,108,1763271875
23809739,44812408,44955970,99.68,282,1763271899
23809740,11519245,44999871,25.6,141,1763271911
23809744,33618350,45043944,74.63,104,1763271959
23809745,9811837,45087931,21.76,112,1763271971
23809750,14038319,45043815,31.17,135,1763272031
23809759,44937523,44956013,99.96,196,1763272139
23809764,33856884,45043901,75.16,179,1763272199
23809769,7335227,44956056,16.32,105,1763272259
23809771,37467377,44956013,83.34,184,1763272283
23809772,17683142,44999914,39.3,351,1763272295
23809775,19024028,45000000,42.28,225,1763272331
23809780,12843595,45087888,28.49,160,1763272391
23809783,33537375,45000000,74.53,101,1763272427
23809785,36036859,44956056,80.16,150,1763272451
23809787,5977419,45043901,13.27,92,1763272475
23809790,13087339,45000000,29.08,113,1763272511
23809792,15155894,44956056,33.71,119,1763272535
23809796,13688961,44956056,30.45,139,1763272583
23809798,11017709,45043901,24.46,117,1763272607
23809805,8733491,44956056,19.43,104,1763272691
23809806,15236407,44999957,33.86,123,1763272703
23809807,41925838,45000000,93.17,213,1763272715
23809819,21383412,44999957,47.52,278,1763272859
23809825,26841414,45000000,59.65,90,1763272931
23809827,14714354,45043944,32.67,158,1763272955
23809830,18725962,45000000,41.61,168,1763272991
23809838,34331609,44999828,76.29,288,1763273087
23809844,12379545,45043944,27.48,107,1763273159
23809855,22571628,45175862,49.96,183,1763273303
23809862,23871942,45043559,53.0,253,1763273387
23809870,14492068,45000000,32.2,134,1763273483
23809875,17705146,45043944,39.31,239,1763273543
23809878,27325604,45000000,60.72,245,1763273579
23809884,17513732,45000000,38.92,152,1763273651
23809886,44845995,44999957,99.66,202,1763273675
23809891,44608201,44868211,99.42,260,1763273735
23809896,19560153,45000000,43.47,172,1763273795
23809901,38329354,45043858,85.09,172,1763273855
23809905,25360334,44999957,56.36,148,1763273903
23809906,28996010,45000000,64.44,213,1763273915
23809908,11333622,45000000,25.19,137,1763273939
23809910,13470839,44912155,29.99,136,1763273963
23809912,16532118,44912112,36.81,161,1763273987
23809913,13681504,44868254,30.49,130,1763273999
23809914,40493549,44912069,90.16,105,1763274011
23809915,23428909,44868211,52.22,234,1763274023
23809924,16421601,45043858,36.46,196,1763274131
23809926,17979870,44955927,39.99,159,1763274155
23809927,22293412,44999828,49.54,195,1763274167
23809932,33623676,44999957,74.72,132,1763274227
23809937,22320421,44955927,49.65,128,1763274287
23809946,10975673,44824224,24.49,118,1763274395
23809950,14283071,44824138,31.86,144,1763274443
23809951,31401176,44780366,70.12,133,1763274455
23809958,25139430,44911597,55.98,60,1763274539
23809964,38375992,45000000,85.28,258,1763274611
23809969,23207635,45000000,51.57,126,1763274671
23809970,4799645,45000000,10.67,72,1763274683
23809971,8697746,44956056,19.35,38,1763274695
23809974,7558099,45000000,16.8,85,1763274731
23809978,19928592,45087888,44.2,72,1763274779
23809986,29264244,45043901,64.97,170,1763274875
23809987,16328917,45087888,36.22,133,1763274887
23809988,10801257,45131918,23.93,105,1763274899
23809991,15272070,44999828,33.94,135,1763274935
23809992,15159994,45000000,33.69,143,1763274947
23809999,11902076,45043901,26.42,122,1763275031
23810002,36362704,44956056,80.88,148,1763275067
23810005,37993131,45043944,84.35,150,1763275103
23810015,29190621,45087845,64.74,157,1763275235
23810016,26798612,45131875,59.38,271,1763275247
23810017,5185260,45087802,11.5,92,1763275259
23810018,45024837,45043772,99.96,161,1763275271
23810020,35923618,45000000,79.83,156,1763275295
23810021,10707489,45043944,23.77,134,1763275307
23810023,39881304,45043901,88.54,209,1763275331
23810025,13027232,45043858,28.92,152,1763275355
23810029,15579448,45000000,34.62,147,1763275403
23810030,37744368,45000000,83.88,163,1763275415
23810047,17199296,45043686,38.18,112,1763275619
23810055,12867771,44999871,28.6,135,1763275715
23810056,35757546,45043815,79.38,167,1763275727
23810057,2429730,44999828,5.4,36,1763275739
23810063,20157545,45000000,44.79,175,1763275811
23810068,16093766,44912155,35.83,159,1763275871
23810073,43544760,44956056,96.86,268,1763275931
23810075,33717740,45043901,74.86,165,1763275955
23810079,40013803,45131961,88.66,134,1763276003
23810083,37877535,45043944,84.09,161,1763276051
23810089,16649503,45131961,36.89,138,1763276123
23810093,25191519,45131875,55.82,190,1763276171
23810095,17737084,45131832,39.3,188,1763276195
23810098,21750207,45087716,48.24,215,1763276231
23810099,39502819,45043687,87.7,125,1763276243
23810100,12407053,45087673,27.52,136,1763276255
23810103,41251625,45043601,91.58,131,1763276291
23810109,2487002,45043472,5.52,33,1763276363
23810124,2289501,45263615,5.06,33,1763276543
23810129,36221648,45131098,80.26,261,1763276603
23810132,36465226,45000000,81.03,142,1763276639
23810140,35700755,45131918,79.1,162,1763276735
23810142,24552573,45043815,54.51,191,1763276759
23810143,9993169,45000000,22.21,132,1763276771
23810149,12222589,45000000,27.16,152,1763276843
23810154,42793704,45087931,94.91,160,1763276903
23810156,4652303,45000000,10.34,64,1763276927
23810157,41094328,45043944,91.23,208,1763276939
23810161,28726427,44956013,63.9,161,1763276987
23810162,12808717,44999914,28.46,125,1763276999
23810165,18758157,44956056,41.73,176,1763277035
23810169,17213765,44868254,38.37,189,1763277083
23810174,39050064,44911983,86.95,218,1763277155
23810183,14706895,44999914,32.68,119,1763277263
23810184,39598299,44955970,88.08,220,1763277275
23810185,12051865,44999871,26.78,125,1763277287
23810189,12448058,45043901,27.64,138,1763277335
23810191,7643360,45000000,16.99,95,1763277359
23810192,35293074,45000000,78.43,212,1763277371
23810196,44287963,45043901,98.32,164,1763277419
23810199,24760439,45087845,54.92,78,1763277455
23810204,43380297,44956056,96.49,244,1763277515
23810209,30032637,45043944,66.67,124,1763277575
23810213,18347897,45131918,40.65,129,1763277623
23810214,2669658,45175991,5.91,49,1763277635
23810215,13665764,45131875,30.28,152,1763277647
23810217,7577524,45043772,16.82,104,1763277671
23810228,14843772,44956056,33.02,175,1763277803
23810230,12438785,45043901,27.61,150,1763277827
23810232,19378064,45043858,43.02,165,1763277851
23810239,13328931,45043944,29.59,151,1763277935
23810240,15333025,45087931,34.01,151,1763277947
23810247,14440880,44999957,32.09,159,1763278031
23810250,45069559,45087931,99.96,137,1763278067
23810258,18103456,45000000,40.23,117,1763278163
23810264,29906474,45000000,66.46,219,1763278235
23810269,13899553,44956056,30.92,127,1763278295
23810272,33926759,44999914,75.39,115,1763278331
23810281,24105025,44956013,53.62,138,1763278439
23810284,19681383,44999871,43.74,172,1763278475
23810287,23568893,45087931,52.27,182,1763278511
23810292,17021671,45043944,37.79,142,1763278571
23810294,4647333,45043901,10.32,71,1763278595
23810299,39064514,45000000,86.81,141,1763278655
23810308,10669724,45000000,23.71,116,1763278763
23810310,44426684,45000000,98.73,199,1763278787
23810312,18608333,44999957,41.35,175,1763278811
23810315,43511853,45043944,96.6,251,1763278847
23810316,35724982,45000000,79.39,116,1763278859
23810323,13653011,45043901,30.31,127,1763278943
23810329,30974717,44955884,68.9,224,1763279015
23810330,16333391,44999785,36.3,124,1763279027
23810333,12519693,45043944,27.79,114,1763279063
23810338,13336704,45087845,29.58,145,1763279123
23810345,16972329,44999957,37.72,153,1763279207
23810358,40950592,45043858,90.91,129,1763279363
23810369,43052953,45131918,95.39,452,1763279495
23810375,13679958,45131789,30.31,128,1763279567
23810377,13058506,45043687,28.99,115,1763279591
23810378,13506153,44999701,30.01,128,1763279603
23810379,15259418,44955757,33.94,188,1763279615
23810387,15171426,45043944,33.68,142,1763279711
23810391,32245752,44999957,71.66,184,1763279759
23810394,10909986,45000000,24.24,120,1763279795
23810395,44964154,45043944,99.82,171,1763279807
23810396,15956998,45000000,35.46,140,1763279819
23810401,44888868,45043858,99.66,326,1763279879
23810402,27834181,45000000,61.85,112,1763279891
23810411,14384573,45043944,31.93,131,1763279999
23810415,11482467,45043944,25.49,128,1763280047
23810416,45036761,45087931,99.89,451,1763280059
23810420,10196245,45087845,22.61,94,1763280107
23810426,15222098,44912112,33.89,172,1763280179
23810428,18959607,44999871,42.13,174,1763280203
23810430,10924085,44912026,24.32,102,1763280227
23810440,30716087,45175730,67.99,142,1763280347
23810443,16324559,45308206,36.03,175,1763280383
23810445,25129116,45219759,55.57,254,1763280407
23810448,20732010,45087414,45.98,181,1763280443
23810449,13324352,45043385,29.58,134,1763280455
23810451,45116090,45131400,99.97,72,1763280479
23810458,17267622,44999957,38.37,136,1763280563
23810460,11287296,44956056,25.11,83,1763280587
23810462,15549172,45000000,34.55,181,1763280611
23810469,35106373,45043944,77.94,131,1763280695
23810471,21801489,45000000,48.45,165,1763280719
23810484,16370761,44955927,36.42,147,1763280875
23810490,40565546,44999957,90.15,235,1763280947
23810492,19467755,44956056,43.3,238,1763280971
23810494,16623317,45043901,36.9,148,1763280995
23810496,9207229,45000000,20.46,109,1763281019
23810503,39003872,44912069,86.84,200,1763281103
23810508,16557941,45000000,36.8,158,1763281163
23810512,37440472,45043944,83.12,215,1763281211
23810513,7470955,45000000,16.6,86,1763281223
23810515,7077257,45000000,15.73,108,1763281247
23810518,22737136,44956056,50.58,170,1763281283
23810523,33194896,45000000,73.77,167,1763281343
23810525,13894360,45000000,30.88,161,1763281367
23810526,24173927,45043944,53.67,232,1763281379
23810527,3263031,45000000,7.25,73,1763281391
23810530,12994592,45043944,28.85,115,1763281427
23810534,22261666,44999957,49.47,83,1763281475
23810547,18691253,44999914,41.54,196,1763281631
23810555,44792499,45000000,99.54,191,1763281727
23810556,7020347,45043944,15.59,57,1763281739
23810566,21318574,45043944,47.33,224,1763281859
23810569,23349661,45087888,51.79,182,1763281895
23810570,45125557,45131918,99.99,273,1763281907
23810583,20080915,45175730,44.45,146,1763282075
23810589,44197616,45175600,97.84,277,1763282147
23810598,5667549,45219543,12.53,93,1763282255
23810603,37995716,45175299,84.11,153,1763282315
23810605,12604797,45087112,27.96,119,1763282339
23810615,11554977,45043944,25.65,86,1763282459
23810620,14804707,45043944,32.87,134,1763282519
23810621,10924220,45000000,24.28,118,1763282531
23810625,15840280,45000000,35.2,208,1763282579
23810636,17041334,45131832,37.76,185,1763282711
23810641,18728789,45175817,41.46,162,1763282771
23810645,17429122,45175729,38.58,178,1763282819
23810649,17926173,44999527,39.84,179,1763282867
23810670,45171879,45175688,99.99,195,1763283119
23810673,14238310,45043472,31.61,155,1763283155
23810675,15826959,44955543,35.21,134,1763283179
23810677,34814443,45000000,77.37,260,1763283203
23810679,27415533,44956056,60.98,117,1763283227
23810695,39091780,45000000,86.87,155,1763283431
23810701,4215327,44956013,9.38,51,1763283503
23810702,44999360,44999914,100.0,119,1763283515
23810704,18026215,45087845,39.98,179,1763283539
23810706,31478932,44999828,69.95,196,1763283563
23810710,34755120,45000000,77.23,217,1763283611
23810712,38117153,44999957,84.7,335,1763283635
23810722,44904277,45000000,99.79,300,1763283755
23810726,16159364,45043901,35.87,178,1763283803
23810727,15582603,45087888,34.56,165,1763283815
23810735,44293056,45000000,98.43,241,1763283911
23810736,22471087,45000000,49.94,203,1763283923
23810748,15643820,45000000,34.76,222,1763284067
23810758,39719774,45000000,88.27,198,1763284187
23810760,19359927,45000000,43.02,205,1763284211
23810762,31414379,44999957,69.81,169,1763284235
23810763,11106722,45000000,24.68,134,1763284247
23810766,41952124,45087931,93.05,223,1763284283
23810771,22819013,45000000,50.71,134,1763284343
23810774,44916998,45043901,99.72,218,1763284379
23810778,3941026,44956013,8.77,80,1763284427
23810782,22774840,45043815,50.56,214,1763284475
23810791,17293635,45000000,38.43,152,1763284583
23810798,14766064,44999871,32.81,135,1763284667
23810802,21758461,44911983,48.45,247,1763284715
23810805,19793246,44955798,44.03,173,1763284751
23810809,13083240,45131658,28.99,175,1763284799
23810813,15458825,45131571,34.25,216,1763284847
23810829,29692430,45131789,65.79,133,1763285039
23810839,38823567,45131573,86.02,165,1763285159
23810843,32863505,45043429,72.96,185,1763285207
23810844,9290984,45087415,20.61,150,1763285219
23810847,37573072,45131401,83.25,215,1763285255
23810851,16867608,45219545,37.3,122,1763285303
23810852,45255296,45263703,99.98,225,1763285315
23810855,7707949,45219459,17.05,89,1763285351
23810859,45005985,45043085,99.92,184,1763285399
23810860,24118363,45087071,53.49,292,1763285411
23810862,13345387,45087028,29.6,185,1763285435
23810863,13893525,45042999,30.85,102,1763285447
23810865,29911504,45042956,66.41,272,1763285471
23810872,18973157,45086813,42.08,156,1763285555
23810876,16763961,45174871,37.11,161,1763285603
23810881,12062380,45218900,26.68,139,1763285663
23810884,36742478,45086557,81.49,237,1763285699
23810890,36794097,45000000,81.76,163,1763285771
23810891,28666279,45000000,63.7,216,1763285783
23810894,2651934,44999957,5.89,36,1763285819
23810901,13970000,45131832,30.95,142,1763285903
23810922,26470115,44999957,58.82,220,1763286155
23810924,24903138,45000000,55.34,220,1763286179
23810929,12495089,45176034,27.66,145,1763286239
23810933,23502145,45175948,52.02,185,1763286287
23810937,37648565,45000000,83.66,177,1763286335
23810966,19138609,44999871,42.53,55,1763286683
23810971,40502745,44912112,90.18,371,1763286743
23810980,20354508,44956056,45.28,181,1763286851
23810981,17068459,44912155,38.0,145,1763286863
23810988,20877509,45000000,46.39,176,1763286947
23810994,20755378,44999871,46.12,161,1763287019
23810995,13461589,44955927,29.94,154,1763287031
23811000,17920979,44999742,39.82,192,1763287091
23811003,22410042,45000000,49.8,162,1763287127
23811005,22091802,45087931,49.0,249,1763287151
23811007,34370473,45087888,76.23,277,1763287175
23811010,29784931,45043815,66.12,316,1763287211
23811012,19038293,45000000,42.31,211,1763287235
23811013,28410583,44956056,63.2,116,1763287247
23811019,20676857,45043815,45.9,190,1763287319
23811021,16732613,45000000,37.18,179,1763287343
23811024,21914915,44956056,48.75,179,1763287379
23811025,26259541,44999957,58.35,238,1763287391
23811029,14691482,44912155,32.71,118,1763287439
23811035,19015731,44999828,42.26,183,1763287511
23811036,29063798,44955884,64.65,280,1763287535
23811037,21590953,44999785,47.98,193,1763287547
23811046,25692465,44999957,57.09,255,1763287655
23811050,5475801,45000000,12.17,93,1763287703
23811051,41396822,45043944,91.9,321,1763287715
23811065,35697990,45043901,79.25,151,1763287883
23811068,20101776,45175991,44.5,199,1763287931
23811073,18767107,45220021,41.5,198,1763287991
23811078,20073401,45175775,44.43,182,1763288051
23811081,15905177,45219847,35.17,147,1763288087
23811082,15981980,45175688,35.38,103,1763288099
23811083,40455794,45131573,89.64,173,1763288111
23811084,16868998,45087501,37.41,125,1763288123
23811085,15232724,45043472,33.82,172,1763288135
23811097,14090229,45000000,31.31,149,1763288279
23811104,20762245,45043944,46.09,174,1763288363
23811106,17534395,45131961,38.85,213,1763288387
23811111,31329675,45175948,69.35,306,1763288447
23811114,19413808,45131789,43.02,162,1763288483
23811116,45118351,45131746,99.97,231,1763288507
23811124,30821263,45043515,68.43,208,1763288603
23811128,22102665,45087931,49.02,246,1763288651
23811134,26994404,45087931,59.87,125,1763288723
23811137,16638345,45043858,36.94,152,1763288759
23811138,19877100,45000000,44.17,190,1763288771
23811142,23598185,45000000,52.44,337,1763288819
23811145,9952373,45087931,22.07,55,1763288855
23811146,29730264,45131961,65.87,300,1763288867
23811148,41209776,45043858,91.49,134,1763288891
23811171,13720720,45043815,30.46,159,1763289167
23811172,19395901,45000000,43.1,203,1763289179
23811173,15803569,45000000,35.12,175,1763289191
23811175,14873280,44999957,33.05,210,1763289215
23811180,18660274,44999957,41.47,182,1763289275
23811183,21724794,45131918,48.14,249,1763289311
23811187,44807617,45131832,99.28,228,1763289359
23811192,27355454,45000000,60.79,253,1763289419
23811195,7816306,45087931,17.34,111,1763289455
23811197,16727681,45000000,37.17,156,1763289479
23811201,18149224,45000000,40.33,149,1763289527
23811204,15732661,45043944,34.93,162,1763289563
23811205,44998013,44999957,100.0,175,1763289575
23811208,34139978,44999957,75.87,264,1763289611
23811214,15767731,45000000,35.04,199,1763289683
23811221,4457564,45087845,9.89,90,1763289767
23811224,4046662,45043772,8.98,71,1763289803
23811231,37476599,45175991,82.96,379,1763289887
23811234,2847363,45043772,6.32,51,1763289923
23811235,43798157,44999785,97.33,256,1763289935
23811242,44572843,45131918,98.76,248,1763290019
23811248,7129168,45131789,15.8,123,1763290091
23811250,37963662,45131746,84.12,188,1763290115
23811251,9773752,45175818,21.63,58,1763290127
23811259,17118200,45175645,37.89,215,1763290223
23811260,45131034,45131530,100.0,136,1763290235
23811262,12930424,45043429,28.71,135,1763290259
23811263,8087426,45000000,17.97,86,1763290271
23811267,16272929,45043944,36.13,146,1763290319
23811270,13041023,45087888,28.92,117,1763290355
23811272,23265578,45087845,51.6,255,1763290379
23811276,18093173,45087759,40.13,159,1763290427
23811278,40716586,45087716,90.31,184,1763290451
23811290,42329659,45043944,93.97,187,1763290595
23811294,16041095,45043944,35.61,174,1763290643
23811298,19169929,44956013,42.64,220,1763290691
23811300,39684463,45043858,88.1,222,1763290715
23811306,45036485,45043729,99.98,204,1763290787
23811307,16918200,45087716,37.52,199,1763290799
23811309,19723600,45087673,43.74,197,1763290823
23811311,20457256,45000000,45.46,271,1763290847
23811313,19746265,45043944,43.84,250,1763290871
23811325,41319853,44868168,92.09,169,1763291015
23811327,11869200,44955841,26.4,126,1763291039
23811328,41320999,44999742,91.82,220,1763291051
23811336,23542601,45043901,52.27,220,1763291147
23811342,17391025,45000000,38.65,188,1763291219
23811345,20109899,44999957,44.69,188,1763291255
23811347,35485692,45000000,78.86,171,1763291279
23811350,21545091,44912155,47.97,224,1763291315
23811357,16954746,45087888,37.6,128,1763291399
23811358,28036798,45043858,62.24,208,1763291411
23811360,7649195,45043815,16.98,96,1763291435
23811361,6675121,45087802,14.8,33,1763291447
23811364,44970070,45000000,99.93,415,1763291483
23811365,2868174,45043944,6.37,60,1763291495
23811369,14668821,44956013,32.63,72,1763291543
23811371,35772336,45043858,79.42,183,1763291567
23811372,25185388,45087845,55.86,201,1763291579
23811373,22437243,45131875,49.71,176,1763291591
23811381,24966591,45219935,55.21,62,1763291687
23811391,14992018,45219719,33.15,156,1763291807
23811397,13042674,45000000,28.98,111,1763291879
23811410,36204940,44999871,80.46,302,1763292035
23811411,20656811,44955927,45.95,142,1763292047
23811414,34487805,44956056,76.71,241,1763292083
23811418,28790272,44999957,63.98,264,1763292131
23811425,4558854,45131961,10.1,81,1763292215
23811429,10092707,45043815,22.41,89,1763292263
23811431,32461756,45043772,72.07,178,1763292287
23811437,21619829,45000000,48.04,172,1763292359
23811438,23399675,45000000,52.0,175,1763292371
23811441,42435428,45043944,94.21,178,1763292407
23811453,27809148,44868297,61.98,212,1763292551
23811454,18537603,44912112,41.28,150,1763292563
23811455,24331110,44955970,54.12,240,1763292575
23811456,17130166,44999871,38.07,145,1763292587
23811458,21386952,45000000,47.53,311,1763292611
23811463,24485415,45000000,54.41,204,1763292671
23811464,15134118,45000000,33.63,160,1763292683
23811466,12932461,45043944,28.71,131,1763292707
23811469,28541645,45043944,63.36,337,1763292743
23811478,24149052,44912155,53.77,178,1763292851
23811480,31567294,44999914,70.15,296,1763292875
23811481,15991441,44955970,35.57,145,1763292887
23811482,14792421,44999871,32.87,131,1763292899
23811484,17919538,45000000,39.82,201,1763292923
23811491,41929161,45000000,93.18,204,1763293007
23811493,15529615,44999957,34.51,183,1763293031
23811497,44707006,45043944,99.25,218,1763293079
23811502,19039353,44999871,42.31,213,1763293139
23811503,18390205,45043815,40.83,179,1763293151
23811505,44710479,44956056,99.45,248,1763293175
23811509,20137206,45000000,44.75,162,1763293223
23811516,20770544,44999957,46.16,116,1763293307
23811519,20376156,45043944,45.24,131,1763293343
23811521,19332449,45043901,42.92,163,1763293367
23811523,25527376,45131918,56.56,234,1763293391
23811525,32718824,45043815,72.64,204,1763293415
23811528,17444046,45000000,38.76,125,1763293451
23811542,43216749,45000000,96.04,352,1763293619
23811544,29496452,44999957,65.55,208,1763293643
23811545,14553293,45000000,32.34,139,1763293655
23811547,17466671,44999957,38.81,168,1763293679
23811548,41635237,45000000,92.52,171,1763293691
23811550,20024775,44956056,44.54,222,1763293715
23811555,44759890,45000000,99.47,211,1763293775
23811564,21004540,45043901,46.63,162,1763293883
23811567,20274311,45087845,44.97,142,1763293919
23811573,17850799,45175862,39.51,201,1763293991
23811575,20227013,45175818,44.77,194,1763294015
23811578,10233557,45219889,22.63,84,1763294051
23811584,38494555,45131529,85.29,167,1763294123
23811585,14910946,45175601,33.01,140,1763294135
23811588,21841110,45131443,48.39,167,1763294171
23811589,19693095,45087371,43.68,247,1763294183
23811591,23938063,45000000,53.2,194,1763294219
23811593,8738867,44999957,19.42,73,1763294243
23811594,43815002,45000000,97.37,231,1763294255
23811601,25833411,45043944,57.35,245,1763294339
23811607,37120363,45043815,82.41,533,1763294411
23811611,20773300,45131961,46.03,216,1763294459
23811613,16178722,45131918,35.85,142,1763294483
23811615,17119103,45043815,38.01,167,1763294507
23811618,19897476,45000000,44.22,187,1763294543
23811624,44947753,45043901,99.79,235,1763294615
23811627,30205527,45087931,66.99,236,1763294651
23811631,19492359,44999871,43.32,190,1763294699
23811632,16970773,45043815,37.68,201,1763294711
23811639,5423848,45043901,12.04,175,1763294795
23811640,44996864,45000000,99.99,237,1763294807
23811644,22073979,45000000,49.05,229,1763294855
23811646,22707087,45087931,50.36,257,1763294879
23811652,22737526,45087802,50.43,285,1763294951
23811660,39889436,45043944,88.56,287,1763295047
23811662,21231325,45000000,47.18,177,1763295071
23811682,20061818,45000000,44.58,160,1763295311
23811686,20442603,45043944,45.38,227,1763295359
23811691,37667692,45043944,83.62,137,1763295419
23811697,13569320,45043901,30.12,96,1763295491
23811699,25651714,45000000,57.0,224,1763295515
23811705,16844701,45175991,37.29,189,1763295587
23811706,18434954,45131875,40.85,231,1763295599
23811708,18812684,45131832,41.68,163,1763295623
23811709,26928916,45087759,59.73,250,1763295635
23811715,5615329,44956056,12.49,79,1763295707
23811717,41258411,44956013,91.78,274,1763295731
23811720,19123162,45000000,42.5,234,1763295767
23811725,19435602,44999914,43.19,120,1763295827
23811733,37873347,45043944,84.08,209,1763295923
23811736,13680656,45000000,30.4,127,1763295959
23811738,13635086,45000000,30.3,103,1763295983
23811741,18389399,45043944,40.83,155,1763296019
23811747,28204749,45131918,62.49,227,1763296091
23811750,15305362,45087802,33.95,202,1763296127
23811754,27111777,45087716,60.13,194,1763296175
23811755,26240003,45043687,58.25,218,1763296187
23811759,44058731,44999957,97.91,215,1763296235
23811760,32370656,45043901,71.86,191,1763296247
23811767,23989127,44912112,53.41,192,1763296331
23811774,44860529,44868125,99.98,273,1763296415
23811781,2332173,44999613,5.18,49,1763296499
23811784,22007213,45043514,48.86,159,1763296535
23811788,39075631,45043944,86.75,297,1763296583
23811796,16558533,44956056,36.83,143,1763296679
23811797,20896400,44999957,46.44,211,1763296691
23811808,5471628,45043772,12.15,77,1763296823
23811815,44874795,45000000,99.72,238,1763296907
23811821,18067659,45176034,39.99,224,1763296979
23811822,20045266,45131918,44.41,252,1763296991
23811828,24428301,45000000,54.29,211,1763297063
23811838,40869423,45131918,90.56,250,1763297195
23811839,18112992,45087845,40.17,188,1763297207
23811849,17971628,45087630,39.86,147,1763297327
23811853,15723289,45087544,34.87,121,1763297375
23811858,19459448,45043901,43.2,201,1763297435
23811866,17519632,44999957,38.93,205,1763297531
23811874,17776696,45000000,39.5,166,1763297627
23811878,22076386,45000000,49.06,270,1763297675
23811879,9939396,45043944,22.07,255,1763297687
23811880,40990999,44999957,91.09,381,1763297699
23811883,16808428,44999957,37.35,180,1763297735
23811893,45074214,45087716,99.97,92,1763297855
23811897,41360364,45087630,91.73,251,1763297915
23811898,41303445,45043601,91.7,627,1763297927
23811899,22329412,45000000,49.62,299,1763297939
23811902,18347801,45000000,40.77,190,1763297975
23811907,19218009,45043858,42.67,229,1763298035
23811912,19674026,45043944,43.68,208,1763298095
23811913,5746959,44999957,12.77,98,1763298107
23811926,6001600,45043944,13.32,93,1763298275
23811928,19977510,45131961,44.26,210,1763298299
23811943,24808627,45175948,54.92,276,1763298479
23811950,8856800,45308339,19.55,66,1763298563
23811954,34087692,45131618,75.53,352,1763298611
23811961,20949426,45043944,46.51,199,1763298695
23811971,19371454,45131789,42.92,263,1763298815
23811978,16791180,45000000,37.31,197,1763298899
23811982,22200595,44999914,49.33,256,1763298947
23811986,44043912,45043901,97.78,375,1763298995
23811990,18429920,44955927,41.0,192,1763299043
23811998,4503792,45043944,10.0,79,1763299139
